{
  "ABIRoot": {
    "kind": "Root",
    "name": "TopLevel",
    "printedName": "TopLevel",
    "children": [
      {
        "kind": "Import",
        "name": "Foundation",
        "printedName": "Foundation",
        "declKind": "Import",
        "moduleName": "CustomLogger",
        "declAttributes": [
          "RawDocComment"
        ]
      },
      {
        "kind": "TypeDecl",
        "name": "ViveksLogger",
        "printedName": "ViveksLogger",
        "children": [
          {
            "kind": "Constructor",
            "name": "init",
            "printedName": "init()",
            "children": [
              {
                "kind": "TypeNominal",
                "name": "ViveksLogger",
                "printedName": "CustomLogger.ViveksLogger",
                "usr": "s:12CustomLogger06ViveksB0C"
              }
            ],
            "declKind": "Constructor",
            "usr": "s:12CustomLogger06ViveksB0CACycfc",
            "mangledName": "$s12CustomLogger06ViveksB0CACycfc",
            "moduleName": "CustomLogger",
            "declAttributes": [
              "AccessControl"
            ],
            "init_kind": "Designated"
          }
        ],
        "declKind": "Class",
        "usr": "s:12CustomLogger06ViveksB0C",
        "mangledName": "$s12CustomLogger06ViveksB0C",
        "moduleName": "CustomLogger",
        "declAttributes": [
          "AccessControl"
        ]
      }
    ],
    "json_format_version": 8
  },
  "ConstValues": []
}